county,state,smoking,foodenvironment,physicalinactivity,accesstoexercise,excessivedrinking,drivingalone,population,diabetesprevalence
Robertson,KY,21.26549669,4.7,28.2,2.979842244,13.10690752,85.35178777,2213,14.7
Harlan,KY,28.51153699,5.7,35.2,59.31757634,11.99876305,83.43500068,30839,17.7
Bell,KY,29.84704685,5.7,39.6,86.52190582,11.71250704,75.81901182,27852,19
Carroll,KY,23.56156128,6.2,30.8,72.38923319,14.43326564,80.39347194,10960,12.5
Clay,KY,29.25372158,6.2,34.3,98.95996319,12.56847533,76.94915254,20882,14.6
Magoffin,KY,24.55385028,6.3,31.6,5.887647191,12.67952067,80.50682261,14024,13
Breathitt,KY,27.25468163,6.3,31.5,57.29932267,12.01893093,79.34100418,13536,17.7
Christian,KY,22.61845477,6.3,28.7,58.72490028,15.5476195,78.212129,75258,10.2
Wolfe,KY,28.83809202,6.4,34.9,54.1264446,11.48796909,82.00321371,7486,13.2
Knox,KY,29.4065335,6.5,32.9,38.02339805,12.24982743,85.25436765,33091,15.3
McCreary,KY,30.75122051,6.5,35.2,100,11.83129221,84.12085416,18197,14.7
Lincoln,KY,22.88459428,6.7,31.5,38.30733166,13.2868443,79.95057484,25071,13.6
Grayson,KY,22.98225234,6.7,34.2,59.69470986,13.71634684,80.44568783,26344,14.8
Johnson,KY,25.02580571,6.7,31.7,70.61140606,12.33120583,83.63771344,23844,17.4
Leslie,KY,26.26705881,6.7,35.3,100,12.4974528,85.86915888,11429,15.2
Floyd,KY,26.25522197,6.8,35.8,47.25102025,12.35746772,88.46439859,43141,15.2
Lawrence,KY,22.2729197,6.8,33.6,55.02522068,12.79610077,82.16482165,15950,18.1
Morgan,KY,28.14625979,6.8,34.5,56.53953889,13.98555274,87.06995413,13621,14.9
Lee,KY,28.20143442,6.8,32.8,78.47090148,11.91623703,81.00890208,7486,16.1
Fulton,KY,24.57620995,6.8,29.5,82.54806987,11.78728469,77.05064993,6530,13.6
Owsley,KY,26.68488872,6.8,26.6,86.68769716,11.94890093,82.32445521,4673,13.4
Elliott,KY,26.91906874,6.9,34.3,41.77279674,12.33765762,81.25,7887,15.2
Wayne,KY,23.97251064,6.9,32.2,65.47830683,12.50280451,85.18998273,20611,15.1
Madison,KY,19.79148203,6.9,25.4,65.69540258,16.36853419,80.22361293,91384,11.9
Whitley,KY,25.25591931,6.9,35.9,76.3420041,12.87488952,81.57810499,36886,13.9
Taylor,KY,23.63619682,6.9,31.2,82.49428851,13.72647654,82.06042595,25641,14.1
Knott,KY,24.6708199,7,37.4,49.87764591,12.34512222,82.23770135,16794,16.7
Martin,KY,27.73467729,7,35.9,54.07997525,13.04231893,81.886388,13283,12.1
Estill,KY,25.4108624,7,33,63.32470011,12.927418,79.20445177,14556,13.9
Boyle,KY,20.52682835,7,28.1,72.33047271,14.73714517,80.35137151,30365,13.4
Boyd,KY,22.45396331,7,28.7,74.08865205,14.25548474,82.8480589,48623,16.4
Union,KY,23.6627998,7.1,32,61.83780902,14.30919863,78.66958151,14888,13.8
Pulaski,KY,23.33455419,7.1,30.2,72.33084376,12.99304998,85.24158367,64309,12.6
Perry,KY,25.46352741,7.1,32.3,73.75313458,13.11380042,83.86869871,30326,15.5
Mason,KY,23.13756848,7.1,26.8,74.99714122,13.59052224,82.66799261,17699,12.9
McCracken,KY,20.64562761,7.1,27.4,76.19309083,14.923955,86.81411566,66770,12.1
Montgomery,KY,23.77650836,7.2,31.6,67.84029586,14.2889226,81.66250446,27767,13.7
Jackson,KY,28.18385355,7.2,33.9,72.13576404,12.52961622,81.61467016,13723,16.5
Greenup,KY,19.37700991,7.2,31.9,73.6141967,13.68890821,86.31870601,36656,17
Lewis,KY,24.89539315,7.3,33.9,26.74116799,13.14230475,80.95238095,14024,16.3
Ohio,KY,22.64461585,7.3,34.9,39.51010821,14.43645464,82.43727599,24717,15.3
Pike,KY,22.32099806,7.3,34.6,43.35322343,12.31096329,82.83063821,68263,17.8
Hopkins,KY,19.36498626,7.3,30.2,53.11381074,13.49576207,89.48410575,46758,14.5
Hardin,KY,19.88689997,7.3,27.1,54.57586008,15.2819786,81.81638032,112153,12.7
Calloway,KY,21.05605936,7.3,19.5,76.41633729,15.16232855,77.11469217,38930,11
Rowan,KY,24.37889115,7.3,25.8,97.57853684,15.82536851,79.92579966,24885,10.7
Fayette,KY,18.80416854,7.3,21.4,99.13388302,19.82710214,78.68925546,323298,9.9
Laurel,KY,22.40182484,7.4,33.2,61.04266853,13.76649412,86.22070535,60559,14.8
Mercer,KY,20.20646572,7.4,31.1,61.67080775,14.00124335,83.84427708,21845,14.1
Grant,KY,23.15715837,7.4,29.6,62.12391534,15.09764102,80.26752489,25450,12.7
Adair,KY,23.26039116,7.4,36,70.36342196,14.54385961,84.50937859,19570,16.7
Simpson,KY,22.54281136,7.4,26.3,80.87378081,14.11413607,88.37209302,18503,13.7
Caldwell,KY,21.07778623,7.5,26.5,6.269254467,14.12042818,81.05566219,12568,14.1
Hart,KY,23.90466535,7.5,37,39.41974834,13.03595783,75.70391872,19189,12.6
Logan,KY,21.81206261,7.5,32.1,40.53288616,13.47588331,87.43874859,27213,10.8
Warren,KY,19.45606049,7.5,23.4,55.30617267,15.29737307,81.19292287,129744,10.7
Bourbon,KY,20.82037409,7.5,31.4,72.22416813,14.4919273,79.52159325,20440,14.2
Powell,KY,23.16693453,7.5,32.5,89.1223341,13.86800862,76.44656229,12551,15.5
Jefferson,KY,19.22277926,7.5,24,90.05702365,19.12723508,80.85308854,774250,12.3
Washington,KY,20.21487147,7.6,30.1,2.60305539,14.5106278,81.63414189,12116,14.1
Butler,KY,23.17757798,7.6,34.3,20.42553192,13.05240528,82.5328367,13055,15.1
Carter,KY,23.36464194,7.6,39.9,50.07936508,14.56158167,79.62469346,28181,15.3
Woodford,KY,18.86644183,7.6,23.9,70.68447011,15.38058875,82.01819171,26796,13.4
Henderson,KY,21.82038769,7.6,29,75.0745946,13.79728136,86.87144039,46373,15.6
Russell,KY,24.16974693,7.6,29.4,84.26985483,12.89202466,86.37765871,18021,13.9
Green,KY,21.3844526,7.7,31.9,0,13.66978156,81.351115,11080,13.6
Bath,KY,24.52840402,7.7,34.6,39.59106203,13.00588925,82.25098221,12633,15.1
Livingston,KY,20.53949496,7.7,32.2,43.64954302,13.88166849,85.76201491,9451,13
Meade,KY,24.09630523,7.7,26.6,50.62583036,16.04881368,86.79814196,28783,13
Fleming,KY,23.22086659,7.7,29.8,52.3975467,12.70416755,80.62234795,14625,15.4
Trigg,KY,20.42480649,7.7,29.6,64.66978171,13.24927677,84.03672965,14485,14.9
Barren,KY,23.3223442,7.7,32.6,66.57102886,13.94172861,80.28735954,44601,13.2
Franklin,KY,19.72242558,7.7,23.5,82.82235974,15.40225407,84.16874088,51423,13.9
Menifee,KY,23.96616356,7.7,31.3,84.23723438,13.17803856,85.0528026,6565,16.7
Cumberland,KY,21.84107135,7.8,33.3,11.46441074,12.71880205,82.6672276,6937,16.5
Nicholas,KY,23.70041432,7.8,31,13.53889278,13.25182013,76.63043478,7161,14.1
Casey,KY,25.15207036,7.8,28.9,26.33657161,12.65346275,80.24778761,16113,14.9
Clinton,KY,24.63472169,7.8,33.5,29.53660436,13.09307522,83.32005312,10249,13.7
Monroe,KY,24.19792486,7.8,32.8,46.01842561,13.05154414,82.07456979,10664,16.5
Muhlenberg,KY,21.44887587,7.8,32.7,52.06514493,13.1615601,89.09905872,31485,12
Daviess,KY,21.76616715,7.8,25.5,77.61649561,15.85062985,86.84264562,102223,12.4
Jessamine,KY,20.18378212,7.8,28,79.45292883,15.4841601,79.54006127,53509,11.9
Kenton,KY,19.5267175,7.8,21.3,93.78036564,17.77897446,82.1554989,168542,12.2
Campbell,KY,18.89853211,7.8,22.2,94.3389125,18.33645495,80.94409445,95288,10.8
Rockcastle,KY,24.17639973,7.9,35.5,31.12101313,13.12008923,85.57847245,17065,14
Graves,KY,21.64787487,7.9,32.3,47.1943105,13.65660325,87.03691647,37185,12
Ballard,KY,20.30045026,7.9,34.9,48.17553643,14.15894887,89.32416268,8193,13.5
Breckinridge,KY,22.49122473,7.9,27.1,54.82327135,14.19472497,75.38625466,20561,14.4
Edmonson,KY,21.30564592,7.9,24.9,65.29068333,13.3127713,80.49692172,12641,16.5
Scott,KY,18.14757632,7.9,23.5,73.31100418,16.79396086,82.88836787,56045,11.3
Crittenden,KY,21.69638892,8,27.7,2.651637144,13.93300691,77.91376912,9189,14
Owen,KY,21.17162238,8,33.8,15.42293146,14.75580334,77.41602067,10919,15.3
Webster,KY,23.19115282,8,33.8,28.87453197,14.10004891,82.28998385,13468,14.3
Harrison,KY,20.95351265,8,33.4,48.62570307,14.11525515,81.79945939,19025,14.9
Clark,KY,20.10711353,8,27.5,79.89779013,15.07500166,82.44060888,36376,12.7
Bracken,KY,22.64522268,8.1,31,23.45664468,15.26634528,82.10556845,8507,14.3
Marion,KY,21.38865399,8.1,30.9,48.17860747,14.62088847,80.54039665,19452,12.8
Metcalfe,KY,26.4157354,8.1,30.5,54.05485692,13.36094108,81.29682253,10253,16.1
Trimble,KY,21.17738454,8.1,33.7,62.12964014,15.49934251,82.10972701,8615,14.1
Nelson,KY,19.92387071,8.1,28.6,68.80079195,16.17769164,85.32220722,46470,12
Bullitt,KY,20.02247777,8.1,25.2,73.70793471,16.89620941,85.23477477,81641,16.1
Hancock,KY,20.40966996,8.2,30.4,9.363689434,15.0197343,89.09296411,8917,15.3
Hickman,KY,22.58306506,8.2,32.4,13.15789474,12.23004954,80.9699202,4677,14.7
Anderson,KY,19.03336884,8.2,31.9,81.16334438,15.48261993,86.43852979,22595,15.6
Todd,KY,21.32960993,8.3,40.2,2.09470305,14.3519297,83.83666525,12596,14.4
Carlisle,KY,20.05028195,8.3,32.9,7.680250784,13.12743615,84.37821172,4895,14.5
Henry,KY,21.41090689,8.3,28.5,32.29761287,14.34685012,83.44220392,15985,12.5
Allen,KY,22.44159831,8.3,35.3,37.02645821,14.79097513,77.87599903,20861,13.4
Larue,KY,21.74293492,8.3,29.2,55.80215599,13.75318441,78.8952317,14559,12.7
Lyon,KY,18.7910738,8.3,28.5,58.3834496,14.47713404,87.82514451,8353,14.7
Garrard,KY,20.81204384,8.3,29.3,62.10974456,14.13142231,80.27458672,17424,15.5
McLean,KY,20.51569188,8.4,32.1,2.203336481,14.11231678,88.03396126,9562,16.5
Shelby,KY,18.83409519,8.4,25.2,73.82944336,15.46112495,82.1096697,47273,11.8
Boone,KY,17.35491026,8.4,22.5,73.89214803,18.15004658,84.84344868,131363,12
Pendleton,KY,19.67700679,8.5,29.4,33.89124151,16.35623397,88.37653045,14766,12.3
Marshall,KY,18.376916,8.5,27.3,57.38679725,16.09129977,88.05854565,32120,12
Oldham,KY,15.88432074,8.6,20.8,94.11598912,19.14319916,85.14179204,67309,9.9
Somerset,MD,19.88930344,6.1,28.5,48.56063468,14.19805528,81.58368326,26482,13.6
Baltimore City,MD,20.2213931,6.6,24.7,99.39416485,17.84915668,60.04770052,613084,12.8
Allegany,MD,15.58771501,7.3,26.8,82.11940815,17.66731288,82.47118258,73112,14.5
Wicomico,MD,14.90961181,7.4,25.5,78.52896195,15.13423546,83.58843712,104882,12.6
Dorchester,MD,20.20955538,7.6,31.2,73.30308419,14.65209682,78.35252913,32993,17.8
Prince George's,MD,11.9866069,7.8,22.2,98.17203678,14.50605094,66.47779538,921366,12.6
Washington,MD,16.82416154,8.2,25.9,74.95014583,15.81806178,80.75697873,151388,13
Worcester,MD,15.14783438,8.2,25.5,89.55960664,15.91102982,80.4597211,50384,13.7
Charles,MD,14.4688463,8.3,22.5,79.97488929,16.3805485,81.41267232,163966,12.7
Baltimore County,MD,13.63960704,8.4,22.6,95.77965514,16.37556866,79.15951079,841519,10.9
Caroline,MD,21.26635749,8.5,29.1,34.57025343,16.21496498,83.70702541,33671,13
Cecil,MD,18.79795691,8.6,28.1,78.76725877,17.80019154,82.8555987,105743,11.8
Kent,MD,14.25721736,8.9,25.4,56.02812299,15.77179307,67.76072589,20066,11
Talbot,MD,12.3955928,8.9,19.5,71.57905881,18.32437772,78.13866334,38258,11.3
St. Mary's,MD,14.74343598,8.9,22,71.8870957,17.85230087,82.62494331,116380,11.8
Garrett,MD,16.06479548,8.9,27,74.79483005,13.71197623,79.54578541,30618,12.2
Harford,MD,14.74451316,9,22.9,91.39674708,18.24820804,83.37133563,258518,11.2
Anne Arundel,MD,12.66395416,9,18.8,92.45465502,20.14834961,80.09044441,583623,9.4
Calvert,MD,14.04662746,9.1,20.5,54.26485006,19.29708699,81.73081172,93836,11.2
Frederick,MD,13.31304337,9.3,20,94.5746299,18.5099084,78.10001787,256222,9.6
Queen Anne's,MD,13.55249753,9.4,21.2,81.36114482,20.13593719,77.65186401,51609,10.4
Howard,MD,9.746942967,9.4,15.6,96.79398088,16.23459667,81.19874614,327599,8.3
Carroll,MD,12.81733429,9.5,22.3,86.47612096,17.89118421,85.50818087,171975,10.3
Montgomery,MD,7.169271223,9.5,15.2,99.78997239,14.79383406,65.31421956,1051892,7.7
Vinton,OH,22.24280686,5.7,31.9,62.62746558,17.1699078,86.34050881,13229,15.1
Athens,OH,21.78920094,5.8,23.4,81.40432695,19.72407621,71.65380745,67080,10.7
Marion,OH,24.79100318,6.4,31,77.21838769,17.27910294,83.87886445,66047,14.5
Montgomery,OH,21.18123593,6.7,25,92.92763004,16.39668871,83.23123624,532131,13.3
Hamilton,OH,18.23086152,6.7,21.1,95.41921847,19.40022186,79.7734419,820366,11
Mahoning,OH,22.11438817,6.8,28.7,79.34872269,15.81086257,86.34037996,228218,12.7
Jefferson,OH,21.41853865,6.9,32.2,75.50244588,18.6204313,83.95470255,67661,15
Richland,OH,21.68383919,6.9,29.4,77.0668809,16.98784198,83.45233773,122173,11.5
Scioto,OH,21.94422318,6.9,33.8,77.45003082,16.41449927,89.09506034,77125,16.3
Clark,OH,21.9789233,6.9,27.9,86.09876168,17.335081,81.91025058,135021,14.2
Noble,OH,17.85260257,7,29.7,31.87435985,16.6309583,83.98717,14691,14
Meigs,OH,22.67373376,7,33.5,40.89188052,15.97291177,80.99307159,23518,14.2
Muskingum,OH,21.70858932,7,29.2,81.85630969,16.4970551,86.24835971,86235,13.3
Franklin,OH,19.2685158,7,22,95.88822208,19.71503276,81.3441587,1294124,9.7
Cuyahoga,OH,20.62183686,7,23,97.18362781,16.8423928,79.78960304,1250646,11.5
Pike,OH,23.89681864,7.1,28.7,48.2740604,16.50069537,83.94976266,28443,13.2
Ashtabula,OH,21.67951912,7.1,30.2,72.99526094,17.18368785,84.65447155,99452,13.5
Trumbull,OH,21.78830805,7.1,25.3,81.6924379,17.00187705,88.7884684,202118,12.6
Lucas,OH,21.11499676,7.1,26.7,97.71080656,18.72950978,84.3293527,435519,11.8
Adams,OH,25.28980297,7.2,30.8,41.72329247,16.58438766,80.8193109,28098,13.2
Crawford,OH,20.39867333,7.2,25.1,82.06879225,16.61757608,84.36578171,42661,12.2
Guernsey,OH,20.68221952,7.3,26.9,49.28280989,17.13128045,86.01372427,39857,11.9
Clinton,OH,20.19509868,7.3,28,51.92435776,17.85360863,83.3681728,42621,12.8
Summit,OH,19.52536035,7.3,24.4,94.24656826,17.87995242,85.91400462,546800,10.5
Gallia,OH,22.61244269,7.4,30.3,52.50210125,16.02289905,85.90278369,30040,15.5
Jackson,OH,23.51836983,7.4,33.2,58.30850263,17.20669549,84.85197116,32822,13.3
Monroe,OH,21.01443105,7.4,32.1,70.25679552,16.71263587,83.35227273,14633,14.5
Ross,OH,23.38438681,7.4,29.9,70.95075835,16.34954688,85.14514515,77751,12.5
Columbiana,OH,21.68692393,7.4,26.8,79.37704584,17.51204031,86.51925499,104344,13.1
Stark,OH,19.9729678,7.4,26.1,79.8219316,18.32412042,85.14454623,378644,12.3
Erie,OH,19.69032723,7.4,28.6,86.14019383,17.72570975,84.54441913,75759,11.8
Morgan,OH,22.09069536,7.5,29.8,27.74677827,16.04287003,84.90896359,15092,13.1
Lawrence,OH,23.11416361,7.5,34.5,48.64371497,16.3754582,87.65046629,61264,16.6
Coshocton,OH,19.60449005,7.5,29.4,63.41291564,17.76371431,80.02879204,36794,12.9
Allen,OH,20.34992634,7.5,27,75.83113109,16.52568718,86.3964687,105873,12.1
Hocking,OH,21.34970367,7.5,25.5,83.07011573,16.76928346,85.19033975,28688,15.1
Portage,OH,20.4292712,7.5,23.9,83.65248205,18.52134099,84.06009527,166142,10.7
Highland,OH,21.90575211,7.6,28.2,41.76741839,15.76596145,81.40090983,43404,13.2
Belmont,OH,22.31096319,7.6,29.9,60.79545455,17.88905924,88.33379752,69098,12.8
Wood,OH,17.11147364,7.6,21,77.18985082,18.20234624,83.72775609,131617,10.7
Greene,OH,17.76521836,7.6,19.7,77.72214417,19.01092001,83.71501926,166284,10.9
Lorain,OH,19.87308947,7.6,24.8,89.53596411,17.34620714,83.92910046,311021,11.9
Madison,OH,20.4583136,7.7,28.6,56.44986762,19.63683898,83.56269113,44411,11.6
Tuscarawas,OH,21.38441744,7.7,27.6,75.62269124,16.89823582,84.68144175,93181,13.5
Butler,OH,20.19711683,7.7,24.8,83.54684487,18.64257351,84.74308568,388060,11.6
Perry,OH,21.60006721,7.7,27.6,84.23096123,17.60776173,84.43438293,36217,12.7
Williams,OH,20.46070056,7.8,30.9,63.67089953,16.74501381,89.00277971,37673,12.8
Washington,OH,19.19027586,7.8,30.7,67.55964907,16.45161666,85.12261787,61114,14.1
Clermont,OH,20.60724406,7.8,24.5,83.41330442,20.10681607,85.63718171,207396,12.3
Harrison,OH,20.79009245,7.9,27.7,26.65784165,18.00577919,81.66011491,16526,12.5
Brown,OH,23.72048248,7.9,29.2,49.83722071,17.7646847,83.85261591,44702,14.1
Fayette,OH,22.20420158,7.9,29.8,55.04650362,16.81442492,86.83523654,28947,13.1
Knox,OH,20.08393976,7.9,25.4,68.87772689,18.21576657,77.81711547,62349,12.4
Seneca,OH,20.03329565,7.9,24.5,73.03374747,17.43595191,84.07894737,56104,12.9
Licking,OH,20.92797183,7.9,22.3,79.55217068,18.16455859,83.61899617,175416,11.9
Hardin,OH,23.18672869,8,33.9,64.60477884,20.18225552,81.03882632,31757,12.4
Huron,OH,19.66789226,8,29.2,69.80679569,18.68510543,83.64299684,59424,13.5
Ottawa,OH,18.64374238,8,27.5,74.6886164,17.63791239,87.77552976,41461,13.3
Fairfield,OH,19.08264663,8,22,78.34026656,18.58404186,85.38093538,156571,11.6
Lake,OH,17.62615214,8,20.3,91.22113015,17.8866644,87.4741568,232488,10.8
Carroll,OH,21.35292995,8.1,27.7,30.20876682,16.7984567,83.18641854,28232,12.3
Wayne,OH,18.64705422,8.1,24,67.30090814,17.41476282,80.01501117,117553,12.7
Shelby,OH,17.81625145,8.1,25.7,69.330069,18.68331755,85.56189841,49585,11.8
Hancock,OH,19.58717653,8.1,26.1,84.97499398,19.02602226,84.14371714,76649,11.9
Ashland,OH,19.9860425,8.2,29.9,60.07263968,17.08335282,84.90310951,54222,10.9
Van Wert,OH,18.38795925,8.2,25.3,62.51391595,17.88361699,86.00798253,28765,13.6
Logan,OH,19.51201143,8.2,23.9,63.68790615,17.88695073,80.3765771,46115,11.1
Miami,OH,18.85889337,8.2,25,85.47499659,18.15153672,85.83872724,107331,13
Paulding,OH,20.31460715,8.3,27.5,18.55817273,18.30473032,84.73228899,19154,12.3
Darke,OH,19.79342461,8.3,28.8,53.70569686,17.76079379,84.84810601,52092,11.5
Defiance,OH,21.15503171,8.3,24.9,69.01401235,18.36155413,86.8439697,38476,12.1
Pickaway,OH,20.62890077,8.3,28,84.02097023,19.76670801,86.57612521,58626,12.9
Fulton,OH,18.15881361,8.4,25.9,54.27888894,19.4753115,88.03527683,43186,14.4
Union,OH,17.90828726,8.4,22.9,78.11281071,19.01593563,86.95602729,57894,9.4
Sandusky,OH,18.93808049,8.4,25.6,82.37398267,17.0462867,85.67008455,59964,13.3
Preble,OH,20.21095416,8.5,31,41.76011356,17.68120756,84.16282481,41987,13.7
Henry,OH,17.11756301,8.5,25.8,43.0976431,18.54160729,88.06890845,28064,11.3
Wyandot,OH,20.01994481,8.5,28.8,58.47004201,18.4740694,84.25432445,22253,11.8
Champaign,OH,19.39885841,8.5,26.6,67.54121256,18.51253413,85.02247767,39542,13.1
Warren,OH,15.64169572,8.5,19.1,88.97895088,19.39962334,86.66144683,234063,10.9
Holmes,OH,20.72785592,8.6,27.3,37.10994666,19.70589124,52.53718965,44171,11.6
Medina,OH,17.33905989,8.6,21.5,92.69955667,19.71092012,87.87232625,181707,10.9
Morrow,OH,19.64076382,8.7,30.3,17.33425216,17.7085772,85.26937534,35356,13.6
Auglaize,OH,18.67148444,8.7,29.5,78.22803543,19.9200046,87.58392188,46749,11.7
Putnam,OH,16.25425699,8.8,24.2,37.29963187,20.58238989,86.35655336,34510,10.5
Geauga,OH,15.73431884,8.8,24.7,82.3523113,18.20762597,79.16855631,95381,11.9
Mercer,OH,16.18820794,8.9,25.2,67.79536434,19.88671677,88.85234636,41347,11.6
Delaware,OH,13.60697561,8.9,17.4,95.69781992,20.5056449,85.99258263,202801,8.6
Philadelphia,PA,19.72653338,6.9,24.2,99.69973906,22.0839822,50.99819266,1591765,10.8
Fayette,PA,19.34020355,7.2,31.3,59.22287454,17.60299225,85.31734811,135368,15.4
Lawrence,PA,17.93154117,7.2,26.4,84.17921588,19.03960679,83.98075923,88566,10.8
Indiana,PA,18.73499956,7.3,24.9,62.20522052,21.88677556,79.606906,87428,10.6
Erie,PA,17.70471334,7.3,21.1,88.48898298,19.28789732,78.80846094,278357,10.5
Beaver,PA,14.88903051,7.4,26.6,84.78647113,20.12006665,82.16737476,168656,11.8
Cambria,PA,17.28914053,7.5,25.2,80.38753054,19.85674174,83.30504083,136092,13.3
Union,PA,15.24686999,7.5,20.8,87.97250095,23.35164798,73.93214683,45405,10.6
Sullivan,PA,15.75101216,7.6,22.5,36.7921593,19.43308236,78.40596781,6162,13.1
Greene,PA,17.58114974,7.6,24.1,44.58460425,21.33938342,84.18919863,37681,11.5
Dauphin,PA,16.54048157,7.6,23.3,81.58149944,18.82795865,79.08798412,277575,10.7
Lycoming,PA,17.0797598,7.7,26.8,53.9621569,20.70905339,82.49400932,116064,11.8
Clinton,PA,15.62410092,7.7,23.1,72.4782099,20.75196326,79.43508711,39461,10.8
Blair,PA,16.8348472,7.7,24.3,73.40367774,19.09321279,82.49824587,126399,13.6
Allegheny,PA,16.9855359,7.7,21,92.70371145,24.30367435,72.01175633,1236649,10
Potter,PA,16.8697819,7.8,24.5,42.25239159,18.28648612,78.5908268,17061,11.7
Mercer,PA,16.65515345,7.8,24.7,85.05032665,19.34536073,81.90941422,114176,11.8
Somerset,PA,16.06384496,7.9,27.6,78.6203082,19.0778969,81.69952877,75455,12.5
Monroe,PA,16.90205323,7.9,26.3,84.82000919,18.59890335,78.51817944,171973,11.2
Centre,PA,14.61854427,7.9,17.2,86.28287551,23.31301165,68.342813,166313,7.4
Tioga,PA,15.88474953,8,23.8,56.76377409,19.77586751,79.86289154,41775,12.7
Juniata,PA,16.42657693,8,24.5,61.34518591,19.44589196,78.31651045,25156,10.8
Clearfield,PA,15.98866301,8,27.8,61.37282281,19.41621408,83.07767227,81843,12
Clarion,PA,17.54453941,8,25.7,63.20396119,19.83467736,82.8881123,39311,13.3
Luzerne,PA,17.14773526,8,25.2,80.71407649,20.11317964,81.62303773,320238,11.7
Westmoreland,PA,14.45201201,8,24.6,82.50125285,20.32122182,84.4518245,360340,12.5
Forest,PA,17.25147047,8,21.4,90.92794194,20.88246491,80.22284123,7497,11
Cameron,PA,16.12120643,8,26.9,93.29400197,17.88333438,78.95752896,4672,12.2
Venango,PA,16.90458018,8.1,24.2,67.06132693,18.55266338,79.94856332,53039,12.9
Crawford,PA,15.73121299,8.1,25.4,69.45530333,19.84416428,77.06698692,86977,13.3
Washington,PA,15.43068409,8.1,22.7,70.63901453,21.26322046,82.6242635,212875,10.9
Northumberland,PA,18.07446582,8.1,26.6,76.62914692,19.91904893,83.15990969,93128,12
Lackawanna,PA,16.33350279,8.1,24.2,90.07867113,21.40787232,80.7928011,216575,11.1
Delaware,PA,14.76232422,8.1,20.2,96.39396113,18.72019048,73.32634969,569245,9.8
Bradford,PA,17.23962829,8.2,27.1,60.31426655,18.59576003,80.9118774,61736,10.7
Columbia,PA,16.56783918,8.2,26.1,76.64313842,20.36923539,84.54756537,67324,12.1
Armstrong,PA,15.2165451,8.2,27.5,78.56573012,18.62784515,83.30083804,67100,11
Warren,PA,16.17248342,8.2,23.3,79.93782136,19.16989745,81.57953781,40837,13.4
McKean,PA,17.85838839,8.2,23.7,80.55696203,20.86460036,80.97345133,42025,12.6
Fulton,PA,15.71011137,8.3,20.4,56.38935669,19.92514945,77.89052891,15094,11.6
Jefferson,PA,17.3505696,8.3,23.7,58.32079646,19.19224932,83.23073766,44615,11.9
Mifflin,PA,16.72750594,8.3,23.6,63.10997815,18.18282772,79.22585054,47621,13.6
Huntingdon,PA,17.74564526,8.3,26.3,68.56881493,19.97313319,77.00165654,45875,11.8
Franklin,PA,14.84827062,8.3,25.9,69.84854764,18.60606834,83.80608997,156010,11.9
Schuylkill,PA,17.75461108,8.3,24.3,74.89227117,19.98575678,83.91897144,146085,12.4
Bedford,PA,15.80595257,8.4,24,62.93557333,18.5807565,80.76994348,49255,12.7
York,PA,15.24144021,8.4,20.5,72.56605023,19.1757436,84.65616738,453095,12.8
Carbon,PA,16.67727557,8.4,24.2,74.20496866,19.80427074,83.45444382,64340,11.7
Susquehanna,PA,18.91857471,8.5,27.6,42.06338223,18.71382549,82.88814231,42315,11.8
Snyder,PA,16.78461134,8.5,21.8,67.53564052,19.92213924,78.31522853,41335,9.9
Lancaster,PA,14.40623334,8.5,20.6,78.56539191,21.48578602,78.74479375,549061,10.5
Cumberland,PA,14.38257683,8.5,18.5,82.00725555,19.96739785,81.87922218,256177,9.8
Montour,PA,14.4361726,8.6,26,48.66152078,20.06273275,81.57987127,18806,11.8
Perry,PA,15.29118403,8.6,25.9,49.85533729,21.35612507,79.18040716,46979,10.5
Wayne,PA,16.74505526,8.6,25.5,57.79599409,19.12135362,82.30650005,55333,12.1
Elk,PA,15.58440898,8.6,26.7,81.59393977,19.67826249,84.87027826,30836,11.5
Lehigh,PA,15.01862544,8.6,23.2,82.97267216,19.90981301,80.59796549,367753,11.7
Butler,PA,13.92485578,8.6,21.8,83.3581708,22.33447911,84.61361495,192150,11.8
Northampton,PA,14.9863091,8.6,26.7,84.66958873,20.33126924,83.09957973,309527,12.1
Wyoming,PA,15.4761451,8.7,24.3,55.6231433,21.00139153,82.46571072,27898,10.7
Chester,PA,13.61152263,8.7,16.1,85.45178658,23.95157493,78.96888477,526546,8.7
Berks,PA,15.40738235,8.7,23.6,88.01507868,19.46503428,79.81596025,420834,12
Montgomery,PA,13.38303057,8.7,17.1,95.59293089,19.17678289,78.61984554,837591,8.4
Pike,PA,14.48386447,8.8,28.5,74.18466419,19.19467212,81.01599868,56600,12.1
Lebanon,PA,14.78363824,8.8,21.3,81.42444298,20.04856,81.09994287,141970,9.5
Adams,PA,15.0533592,8.9,21.8,60.73939669,21.1085967,82.25457924,105243,10
Bucks,PA,11.83409229,8.9,18.8,89.9528028,21.34762533,81.89707014,635355,10.1
Buena Vista,VA,21.50163808,3.2,21.5,97.2481203,15.1254307,87.94402583,6541,10.1
Petersburg,VA,21.62023554,3.9,27.5,89.68229488,12.26179632,78.63437755,32589,14.7
Franklin City,VA,18.87955676,4.4,27.5,62.91074342,13.22160052,87.84018529,8451,14.2
Nottoway,VA,19.72806943,4.9,26.9,63.28139784,15.02938622,85.72469046,16165,14.3
Sussex,VA,19.69913144,5.5,25.6,27.47580045,16.02717205,84.08831367,12008,12.1
Cumberland,VA,19.26134718,5.5,24.1,39.64385197,14.51173685,78.2315881,9972,16.3
Emporia,VA,23.82704304,5.9,26.8,89.92745065,11.22639822,78.92234548,5696,13.7
Martinsville,VA,19.87161621,6,26.2,94.73988858,13.88014516,78.6336109,13670,13.9
Charlotte,VA,19.51953817,6.2,24.9,21.62720483,14.18697039,75.3014553,12578,12.5
Hopewell,VA,19.57753548,6.2,27.3,89.610907,15.63081299,83.31021236,23385,13.3
Richmond City,VA,20.53073024,6.2,21.3,90.98984399,18.89631145,70.68060378,226884,10.1
Radford,VA,23.25198764,6.3,19.8,97.87908337,18.37427816,78.04945055,17888,7.8
Highland,VA,15.38434357,6.4,24.4,73.63205515,14.99463876,72.70668177,2270,13.9
Danville,VA,19.82620707,6.5,28,83.23539659,12.91587265,80.49403748,42239,13.3
Norfolk,VA,19.90765438,6.5,22.5,89.1442857,21.08477994,73.77979927,249954,9.7
Lynchburg,VA,18.03780174,6.6,23.3,89.27985391,17.05563987,74.56704031,82094,10.2
Hampton,VA,17.26290157,6.6,22.3,91.73651736,17.67605495,83.42897475,137016,13.2
Halifax,VA,19.14124406,6.7,28.3,45.26641097,14.09679166,83.21395646,35545,15.8
Prince Edward,VA,18.74491359,6.7,23.4,81.38479973,17.2847161,75.16468277,23817,12.3
Brunswick,VA,19.29306973,6.8,27.1,16.55386027,13.75602655,84.28829421,17225,12.9
Bristol,VA,19.48835257,6.8,26.9,91.60078497,15.4341419,80.06540594,17244,11.5
Portsmouth,VA,20.96540799,6.8,27.8,98.17553776,15.57037965,82.24961691,96161,12.6
Southampton,VA,17.78955424,6.9,27.4,31.05008078,14.87455566,85.32038835,18446,15.5
Roanoke City,VA,18.88437213,7,25.2,92.75908979,15.17536452,78.8470219,100507,11.5
Essex,VA,17.00374746,7.1,25.7,24.57178728,14.48345452,85.22263271,12447,14.4
Newport News,VA,17.90886858,7.1,22.2,98.50818121,16.2586504,79.10843759,187135,12.2
Surry,VA,16.84406996,7.2,24.4,9.280249362,14.93919169,77.76676578,7287,13.4
Greensville,VA,21.19251261,7.2,27.3,16.40120885,15.14300074,83.34167084,11802,13.2
Norton,VA,20.23338161,7.3,25.5,99.67155129,16.13197249,96.09817495,4000,9.9
Covington,VA,18.23991569,7.3,23,100,16.24722094,90.64458371,5825,11.4
Rappahannock,VA,13.96273732,7.4,24.5,48.40634748,16.39409203,73.4036488,7580,12.6
Charlottesville,VA,18.95042564,7.4,20.1,100,19.10648886,59.82327195,48656,8.2
Dinwiddie,VA,17.21580893,7.5,24.6,31.19174315,16.28635352,86.30843959,28580,13
Mecklenburg,VA,18.53339828,7.5,28.8,55.440462,13.29852169,80.12953782,31841,16
Williamsburg,VA,16.1079044,7.5,22.1,100,18.6145561,60.5778811,15108,9.2
Buckingham,VA,19.75229962,7.6,31.6,36.54496676,15.9414903,81.07098381,17322,13.9
Henry,VA,18.84230105,7.6,34,40.27811121,13.67953738,87.26510481,52824,16.5
Northampton,VA,16.92145579,7.7,26.1,19.58188716,12.82744953,75.32948929,12399,14.6
Prince George,VA,16.97619784,7.7,25.2,40.54023793,17.19096037,83.44861968,37709,10.8
Tazewell,VA,17.8624352,7.7,31.7,56.32015617,15.51342253,84.47671826,44613,13
Wise,VA,20.6707628,7.7,28.7,72.7660909,15.82886565,84.86313655,41000,14
Suffolk,VA,15.64470506,7.7,26.1,76.39415972,16.81543581,85.46338892,94678,12.5
Harrisonburg,VA,20.44441659,7.7,22.2,81.26303308,18.80487326,69.47839284,53471,7.7
Grayson,VA,18.4331549,7.8,29.4,78.49739265,14.29366783,83.04710887,16000,11.4
Fredericksburg,VA,18.07353696,7.8,24.6,100,18.71282438,71.51894382,28396,9.2
Montgomery,VA,18.2524428,7.9,22.5,72.55275871,20.38845588,75.20977187,100005,7.3
Pittsylvania,VA,17.83018607,8,28.9,21.53182377,15.03528835,84.56197746,62678,13.8
Charles City,VA,17.55802987,8,26.8,32.34564498,14.19927542,81.99268739,7289,16
Accomack,VA,16.48872724,8,29,36.8984441,15.14161022,80.02745863,32911,15.2
Lunenburg,VA,18.97964612,8,25.2,56.914976,14.48594398,77.86526684,12780,12.3
Salem,VA,15.04733021,8,21.9,91.21845013,18.04595679,81.45475187,25885,10.5
Smyth,VA,18.62162247,8,27.7,93.13214108,16.70789382,85.76298058,31879,12.5
Lee,VA,22.32168614,8.1,33.3,35.98702466,15.88007076,86.5532382,25926,12.6
Amherst,VA,16.76048436,8.1,29.7,40.26519952,16.0363974,82.64208909,32285,12.7
Patrick,VA,18.52556765,8.1,31.5,46.31151974,14.75659972,88.10182623,18360,12.1
Lexington,VA,16.93189906,8.1,20.4,100,21.91085131,52.81264528,7215,8.9
King and Queen,VA,18.27730758,8.2,24,14.51403888,15.27085512,82.69540045,7503,12.5
Richmond County,VA,19.57892377,8.2,23.2,62.34060947,15.0783591,75.05422994,9282,12.4
Waynesboro,VA,16.80850285,8.2,25.4,68.8469961,16.55257911,83.20887992,22030,10.7
Pulaski,VA,17.23396978,8.2,28.3,83.38495068,16.45275311,85.92010478,35181,14
Chesapeake,VA,14.18745337,8.2,23.1,92.09257951,17.06215123,85.82196666,246615,11.4
Henrico,VA,16.26402752,8.2,22.6,96.34026748,17.18986594,82.87487461,326958,9.7
Alleghany,VA,16.4789374,8.2,26.9,100,15.22977373,86.59844055,15864,12.6
Amelia,VA,15.92571636,8.3,25.8,8.502758077,17.10603307,86.69513798,13247,13.5
Floyd,VA,16.88647891,8.3,24.9,40.01570783,17.95328051,77.17952295,15938,11.1
Scott,VA,17.67093126,8.3,32.4,40.79475342,15.18745733,86.86157952,22532,14.4
Franklin County,VA,16.89084233,8.3,24.7,41.25785716,16.17441365,79.43735845,57237,11.3
Galax,VA,19.86043894,8.3,24.7,97.30190287,14.02621275,84.83146067,6922,11
Staunton,VA,17.01890334,8.3,23.8,99.99157753,16.1536269,83.52506868,24924,11.3
Caroline,VA,17.10838129,8.4,26.5,41.14555964,16.50189202,79.47871536,30967,12
Campbell,VA,16.45008131,8.4,27.2,43.08923818,16.70316622,85.94449761,56645,11.1
Appomattox,VA,16.9817774,8.4,27.2,54.73185067,15.76931525,80.10895171,15984,12.8
Lancaster,VA,13.42488456,8.4,25.4,78.12307962,14.12512943,81.3450023,12520,14.8
Colonial Heights,VA,16.08854227,8.4,24.1,99.15570616,15.65936689,86.24983442,17802,11.3
Bland,VA,14.53109774,8.4,21.5,99.92672919,19.06622034,88.94173603,6617,11.7
Bath,VA,16.49995438,8.4,22.9,100,15.33828863,82.69040554,4567,11.2
Northumberland,VA,13.78898867,8.5,26.6,38.33738848,13.65912952,85.8662614,13587,14.7
Westmoreland,VA,17.17274579,8.5,29.7,44.76910737,14.79195984,78.75443437,18313,13.8
Russell,VA,18.5215838,8.5,33,48.08111569,15.7883543,87.54626388,30891,12.9
Nelson,VA,17.14150255,8.5,24.1,52.13715047,15.10146887,77.53065298,15178,11.1
Rockbridge,VA,15.50191256,8.5,25.2,56.4710629,16.05215766,82.22734563,22806,12.3
Orange,VA,15.93280036,8.5,23.1,56.50368866,17.37339229,79.37024973,36286,12.7
Chesterfield,VA,12.93248586,8.5,22.7,74.60282827,17.16819164,85.02747496,347411,10.4
Wythe,VA,17.2154861,8.5,29.1,79.90080383,16.30914727,83.2788671,29404,12.6
Winchester,VA,17.56213164,8.5,21.5,100,17.2484224,67.35361217,27168,9.3
Page,VA,17.00965244,8.6,26.8,32.45570252,15.98168126,77.53069709,24258,11.5
King William,VA,15.66977952,8.6,26.5,50.56793223,18.31625241,87.88543571,17160,11.5
Isle of Wight,VA,14.99738409,8.6,25.1,70.36574993,17.14963735,88.66835911,38020,12.6
James City,VA,12.96375069,8.6,17.1,94.50073871,16.42503925,82.14902579,77427,11.6
Craig,VA,17.3428067,8.6,24,95.81888247,15.99472122,79.65860597,5303,11.5
Washington,VA,17.19547227,8.7,25.3,63.18973686,16.59367911,83.13135593,55412,13.3
Botetourt,VA,13.8704268,8.7,21.1,84.13177266,18.24759641,88.99911538,34426,11.2
Virginia Beach,VA,14.99516484,8.7,21.6,97.17028087,22.01191933,82.13831606,461588,9.1
Louisa,VA,16.81582844,8.8,27.7,31.10427412,16.08650447,80.35258207,36262,13.4
Middlesex,VA,14.68440425,8.8,24.9,37.85929373,14.88629362,81.26306014,11199,13.1
Carroll,VA,17.28010716,8.8,23.3,44.83722788,15.66043589,83.85097979,30127,14.3
Rockingham,VA,15.50771298,8.8,25.1,70.41958225,17.81744149,81.45709319,81306,9.4
Albemarle,VA,12.36807172,8.8,16.7,76.72122866,19.09100841,76.86543304,109126,7
Madison,VA,16.98272055,8.9,23.4,48.39945897,15.58359848,79.06588824,13739,11.1
Spotsylvania,VA,16.88169407,8.9,23.1,73.7248462,20.08563342,78.37710775,134376,11.6
York,VA,13.08275079,8.9,19.4,80.00885983,17.84151657,86.22239772,69465,9.7
Augusta,VA,16.08787506,9,25.9,55.81830509,17.6721677,85.66819741,77501,12.3
Fluvanna,VA,13.95365214,9,20.4,59.06737768,16.9507476,76.92953725,27153,11.4
Shenandoah,VA,16.39875758,9,27.1,74.11235206,17.67654397,81.42029715,43751,11.7
Warren,VA,17.23340875,9,27.3,79.71523619,19.61855397,74.72959685,39560,13.9
Giles,VA,15.37233792,9,26.7,84.1837325,17.75362747,83.43566471,17320,12.2
Roanoke County,VA,15.1007067,9,25.9,86.01801334,17.08968231,86.64482689,95986,11.4
Bedford County,VA,15.08783745,9.1,23.9,53.20168763,17.56569346,83.78633237,79850,13.6
Culpeper,VA,17.19807126,9.1,23.8,66.82087858,17.33861274,80.89258966,51077,10.8
Gloucester,VA,14.88114302,9.1,22.9,67.52129795,18.14842474,83.82476832,39399,11.9
Goochland,VA,13.17014997,9.1,19.1,71.34502924,17.33666274,84.72608654,23768,12.4
Manassas Park,VA,16.15796905,9.1,22,100,17.35727106,70.87354918,15362,9.6
Mathews,VA,14.14678974,9.2,23,51.74871909,15.45330238,77.00837851,8815,11.9
Clarke,VA,15.42036405,9.2,21.2,75.28858487,17.04097484,79.42815249,14757,11.4
Stafford,VA,14.2336345,9.2,19.1,75.75856267,19.29578698,74.47444484,150080,9.9
Hanover,VA,14.71877582,9.2,18.4,82.02437339,20.44809724,83.84654121,109289,10.5
Greene,VA,17.32680423,9.3,23.1,38.58610009,17.3925637,80.21796565,20330,9.8
Poquoson,VA,13.08717714,9.3,22.1,95.40740741,19.4503247,87.08763745,12275,10.8
Prince William,VA,15.17208845,9.3,17.5,97.44653012,17.96745668,75.31824672,454091,8.9
Powhatan,VA,13.82729976,9.4,21.9,75.30842188,19.57281721,83.88592081,29753,11.4
Frederick,VA,13.60390094,9.4,19.1,82.59498116,18.56730182,83.00238095,87411,9.6
Arlington,VA,12.33854163,9.4,15.1,99.98940408,26.10609086,53.37443196,227430,4.7
New Kent,VA,14.268804,9.5,23.5,82.33219383,19.00268508,84.00827668,22201,10.7
Fauquier,VA,13.75670617,9.6,22.1,68.41709737,18.64746604,79.85770147,71009,10.7
Fairfax County,VA,10.40506111,9.7,16.3,99.44181798,17.16204501,71.10622501,1127497,6.9
Manassas,VA,15.0016729,9.8,21.2,100,17.86286558,77.18496409,41469,9
Loudoun,VA,11.34543788,10,15.9,90.28052166,17.06171222,77.2343092,405750,6.9
Fairfax City,VA,11.50935884,10,17.9,100,17.56206169,69.57800207,24078,9.3
Wetzel,WV,23.52520953,6.2,28.6,57.46246156,12.031798,86.83863679,16110,16.6
McDowell,WV,27.85329985,6.6,38.3,32.19373219,9.265155822,87.64910537,23563,17.5
Pocahontas,WV,21.88594983,6.7,24.8,93.34786099,12.30060727,78.12409812,8430,15.7
Hampshire,WV,21.58579922,6.8,26.1,48.25571691,11.44185117,79.57577083,25339,14.2
Clay,WV,23.95422833,6.9,31.2,11.6130407,11.52953158,73.0816078,9952,15.8
Raleigh,WV,23.06649044,6.9,29.9,61.7177494,10.41606315,82.49145194,79442,14.6
Pendleton,WV,20.50884829,6.9,31.2,86.56270305,11.41058341,69.86851717,7387,17.3
Mingo,WV,24.84023615,7.1,38,52.23368978,10.42230016,82.76823719,28121,18.1
Braxton,WV,22.37968795,7.2,28.9,13.26860841,11.36814792,79.57826748,14828,13.4
Roane,WV,23.34531165,7.2,26.7,48.76055206,10.57504217,80.16777802,14424,14.6
Mercer,WV,23.90245428,7.2,32.1,60.05075164,10.0619477,84.54248804,61477,13.4
Calhoun,WV,23.45819775,7.3,27.3,0.642454438,11.87800385,83.19746377,7859,12.9
Gilmer,WV,26.0760071,7.3,26.9,31.37006787,12.61762392,75.86618877,8294,13.3
Fayette,WV,26.50036463,7.3,30.9,62.24070896,11.24181559,81.4247754,45748,17.4
Hardy,WV,20.36710397,7.3,29.4,66.60962567,11.42569813,79.36037442,14560,13.4
Monongalia,WV,19.74177432,7.3,20.5,85.28729896,17.93608962,75.98922897,104685,9.7
Boone,WV,24.70707781,7.5,30.4,4.722075602,12.05690165,86.80278148,24177,15.5
Mason,WV,24.47737848,7.5,31,37.49451032,11.29056433,85.84444444,27397,15.5
Marshall,WV,21.51584106,7.5,26.9,75.3979521,12.94220724,88.50146604,32628,14.9
Cabell,WV,22.49866146,7.5,25.3,82.84554449,12.35049379,82.60217279,97359,14.1
Ohio,WV,18.9589377,7.5,26,92.57250861,13.48171382,79.8791417,43251,13.3
Hancock,WV,20.85150079,7.5,29.5,94.70921893,12.01306936,86.41333435,30164,14.7
Logan,WV,22.30523369,7.6,37.6,26.97384536,10.71718862,82.09350191,38432,19.9
Barbour,WV,23.25190522,7.6,31.2,35.99373079,12.0231635,78.25667417,17568,16.8
Webster,WV,23.65202171,7.6,33.1,45.37906926,10.56681013,81.95173138,9433,15.7
Greenbrier,WV,22.76906603,7.6,29.2,51.32468997,12.05190873,80.27492909,36716,16.6
Wyoming,WV,25.34914319,7.6,36.5,61.06908724,11.3597875,83.54163285,22766,15.9
Kanawha,WV,21.38820071,7.6,26.7,72.53072831,12.98458467,81.59981111,187496,15.1
Grant,WV,21.21193399,7.7,29.9,36.7261456,11.38510771,82.28751312,12489,18.1
Summers,WV,22.99925685,7.7,26.4,51.99971279,10.53144853,84.07017544,14073,14.4
Mineral,WV,22.23758932,7.7,26,61.99489579,12.52058658,82.26097958,28678,15.1
Wood,WV,21.17050736,7.7,25.8,69.82496895,12.62634068,82.94106259,87040,15.6
Tyler,WV,21.09177079,7.7,27.2,74.76107732,12.26743614,85.78680203,9456,14.8
Lincoln,WV,24.32307102,7.8,28.4,15.57090239,11.12312111,84.4598498,21861,17.1
Ritchie,WV,23.6254021,7.8,29.9,30.38568284,11.73007523,85.88940343,10129,15.6
Preston,WV,22.11142024,7.8,27.6,33.38902148,12.6845232,80.46733212,35546,12.4
Wayne,WV,24.47391497,7.8,30.3,49.61276806,11.66409967,85.36172613,43000,17.7
Lewis,WV,21.06869495,7.8,30,54.47104813,12.19822567,83.3687306,16480,15.5
Brooke,WV,19.18417816,7.8,28.9,91.98138685,13.171229,85.84757415,23548,18.3
Nicholas,WV,22.20376144,7.9,31.5,50.512713,12.72400451,87.93839109,27226,13
Marion,WV,25.99293349,7.9,24.6,56.19483144,13.35694635,83.63343404,57767,11.6
Jackson,WV,22.98408511,8,26.4,37.30101674,12.34328458,83.51678341,29834,12.7
Berkeley,WV,22.66051248,8,27.6,44.07357275,13.35364201,82.56516922,118793,11.5
Upshur,WV,21.64425183,8,24.9,63.76267832,12.65168128,80.70322311,25314,13
Harrison,WV,20.16904107,8,29.8,73.03289483,12.95676586,82.7381352,70739,15.5
Randolph,WV,23.53506127,8,30.1,80.24485632,12.14360615,79.45859873,30157,14.5
Monroe,WV,21.63484756,8.1,28.2,39.35713228,11.77831465,83.33660451,13922,18
Morgan,WV,20.36942122,8.1,25.3,63.01807195,11.98874421,77.00214133,18473,15.8
Pleasants,WV,21.43968583,8.1,26.5,66.39053254,12.96141647,89.08966928,7807,14.3
Wirt,WV,22.65981353,8.3,29.1,45.25100577,11.96546278,84.61538462,5761,15.4
Taylor,WV,21.59708561,8.5,28.7,43.97158923,11.93164139,88.45814978,17291,13
Putnam,WV,17.92601038,8.5,24.2,62.47161446,13.56983955,86.52451691,58307,13.5
Doddridge,WV,22.6972134,8.6,26.8,37.46647159,13.55574582,77.23721591,8841,14.6
Tucker,WV,19.98639576,8.6,29.7,98.54362134,12.58991083,79.99300455,6995,15.7
Jefferson,WV,18.7955083,8.9,21.9,54.95532543,15.64129564,79.55150561,58584,10